topics_1,topics_2,topics_3,topics_4,topics_5,topics_6,topics_7,topics_8,topics_9,topics_10,topics_11
debt,credit,use,loan,problem,money,loan,debt,debt,credit,mortgag
debt collection,card,improper,student,company,card prepaid,vehicle,not,credit,report,mortgage
collection,account,improper use,student loan,reporting company,charg,vehicle loan,debt collection,threatened,reporting,home
false statements,credit card,report improper,lender,investigation,general purpose,managing loan,collection,debt collection,credit reporting,mortgage conventional
false,prepaid,debt,federal,company investigation,credit charg,managing,debt not,collection,personal,conventional
representation,general,used,federal student,credit,purpose,mortgag loan,collect,card,services,conventional home
statements,savings,communication tactics,lender servicer,took,purpose credit,mortgage,owed,credit card,credit repair,home mortgag
statements representation,checking savings,tactics,dealing lender,reporting,prepaid general,loan managing,owed debt,collection credit,repair,process
wrong,checking,communication,dealing,credit reporting,receive,fixed mortgag,not owed,card debt,repair services,payment
amount,savings account,debt collection,servicer,statement,service,fixed,collect debt,action,reporting credit,payment process
